{
    "super_class": {
        "0": {
            "precision": 0.9646609360076409,
            "recall": 0.9628217349857007,
            "f1-score": 0.9637404580152672,
            "support": 2098.0
        },
        "1": {
            "precision": 0.8005115089514067,
            "recall": 0.8087855297157622,
            "f1-score": 0.8046272493573264,
            "support": 387.0
        },
        "accuracy": 0.9388329979879275,
        "macro avg": {
            "precision": 0.8825862224795238,
            "recall": 0.8858036323507315,
            "f1-score": 0.8841838536862968,
            "support": 2485.0
        },
        "weighted avg": {
            "precision": 0.9390972224177968,
            "recall": 0.9388329979879275,
            "f1-score": 0.9389610569083767,
            "support": 2485.0
        }
    },
    "malignancy": {
        "0": {
            "precision": 0.9764966740576496,
            "recall": 0.9852348993288591,
            "f1-score": 0.9808463251670378,
            "support": 2235.0
        },
        "1": {
            "precision": 0.2,
            "recall": 0.09090909090909091,
            "f1-score": 0.125,
            "support": 11.0
        },
        "2": {
            "precision": 0.8577777777777778,
            "recall": 0.8075313807531381,
            "f1-score": 0.8318965517241379,
            "support": 239.0
        },
        "accuracy": 0.9641851106639839,
        "macro avg": {
            "precision": 0.6780914839451425,
            "recall": 0.6278917903303627,
            "f1-score": 0.6459142922970585,
            "support": 2485.0
        },
        "weighted avg": {
            "precision": 0.9616414307475798,
            "recall": 0.9641851106639839,
            "f1-score": 0.9627323189579069,
            "support": 2485.0
        }
    },
    "main_class_1": {
        "0": {
            "precision": 0.6023166023166023,
            "recall": 0.6046511627906976,
            "f1-score": 0.6034816247582205,
            "support": 774.0
        },
        "1": {
            "precision": 0.7663702506063056,
            "recall": 0.7751430907604252,
            "f1-score": 0.7707317073170732,
            "support": 1223.0
        },
        "2": {
            "precision": 0.7328990228013029,
            "recall": 0.7785467128027682,
            "f1-score": 0.7550335570469798,
            "support": 289.0
        },
        "3": {
            "precision": 0.5,
            "recall": 0.47368421052631576,
            "f1-score": 0.4864864864864865,
            "support": 19.0
        },
        "4": {
            "precision": 0.7962962962962963,
            "recall": 0.524390243902439,
            "f1-score": 0.6323529411764706,
            "support": 82.0
        },
        "5": {
            "precision": 0.5675675675675675,
            "recall": 0.5675675675675675,
            "f1-score": 0.5675675675675675,
            "support": 37.0
        },
        "6": {
            "precision": 0.9090909090909091,
            "recall": 0.819672131147541,
            "f1-score": 0.8620689655172413,
            "support": 61.0
        },
        "accuracy": 0.7098591549295775,
        "macro avg": {
            "precision": 0.6963629498112834,
            "recall": 0.6490935884996792,
            "f1-score": 0.6682461214100056,
            "support": 2485.0
        },
        "weighted avg": {
            "precision": 0.7108742559456661,
            "recall": 0.7098591549295775,
            "f1-score": 0.7092904406094511,
            "support": 2485.0
        }
    },
    "main_class_2": {
        "0": {
            "precision": 0.5,
            "recall": 0.3333333333333333,
            "f1-score": 0.4,
            "support": 12.0
        },
        "1": {
            "precision": 0.6666666666666666,
            "recall": 0.125,
            "f1-score": 0.21052631578947367,
            "support": 16.0
        },
        "2": {
            "precision": 0.5968253968253968,
            "recall": 0.5356125356125356,
            "f1-score": 0.5645645645645646,
            "support": 351.0
        },
        "3": {
            "precision": 0.696969696969697,
            "recall": 0.6388888888888888,
            "f1-score": 0.6666666666666666,
            "support": 144.0
        },
        "4": {
            "precision": 1.0,
            "recall": 1.0,
            "f1-score": 1.0,
            "support": 2.0
        },
        "5": {
            "precision": 0.8851308232291002,
            "recall": 0.9259012016021362,
            "f1-score": 0.9050570962479608,
            "support": 1498.0
        },
        "6": {
            "precision": 0.7215189873417721,
            "recall": 0.7889273356401384,
            "f1-score": 0.7537190082644628,
            "support": 289.0
        },
        "7": {
            "precision": 0.6,
            "recall": 0.5,
            "f1-score": 0.5454545454545454,
            "support": 18.0
        },
        "8": {
            "precision": 0.5,
            "recall": 0.4,
            "f1-score": 0.4444444444444444,
            "support": 5.0
        },
        "9": {
            "precision": 0.0,
            "recall": 0.0,
            "f1-score": 0.0,
            "support": 5.0
        },
        "10": {
            "precision": 0.4117647058823529,
            "recall": 0.22580645161290322,
            "f1-score": 0.2916666666666667,
            "support": 31.0
        },
        "11": {
            "precision": 0.0,
            "recall": 0.0,
            "f1-score": 0.0,
            "support": 4.0
        },
        "12": {
            "precision": 0.5945945945945946,
            "recall": 0.5945945945945946,
            "f1-score": 0.5945945945945946,
            "support": 37.0
        },
        "13": {
            "precision": 0.35714285714285715,
            "recall": 0.4166666666666667,
            "f1-score": 0.38461538461538464,
            "support": 12.0
        },
        "14": {
            "precision": 0.9074074074074074,
            "recall": 0.8032786885245902,
            "f1-score": 0.8521739130434782,
            "support": 61.0
        },
        "accuracy": 0.8036217303822938,
        "macro avg": {
            "precision": 0.5625347424039897,
            "recall": 0.4858673130983858,
            "f1-score": 0.5075655466901495,
            "support": 2485.0
        },
        "weighted avg": {
            "precision": 0.7930234405935213,
            "recall": 0.8036217303822938,
            "f1-score": 0.7958193041451815,
            "support": 2485.0
        }
    },
    "sub_class": {
        "0": {
            "precision": 0.7433155080213903,
            "recall": 0.9205298013245033,
            "f1-score": 0.8224852071005917,
            "support": 151.0
        },
        "1": {
            "precision": 0.6,
            "recall": 0.25,
            "f1-score": 0.35294117647058826,
            "support": 12.0
        },
        "2": {
            "precision": 1.0,
            "recall": 0.3125,
            "f1-score": 0.47619047619047616,
            "support": 16.0
        },
        "3": {
            "precision": 0.42857142857142855,
            "recall": 0.2727272727272727,
            "f1-score": 0.3333333333333333,
            "support": 11.0
        },
        "4": {
            "precision": 1.0,
            "recall": 0.75,
            "f1-score": 0.8571428571428571,
            "support": 8.0
        },
        "5": {
            "precision": 0.6354166666666666,
            "recall": 0.7176470588235294,
            "f1-score": 0.6740331491712708,
            "support": 85.0
        },
        "6": {
            "precision": 0.6428571428571429,
            "recall": 0.84375,