{
    "super_class": {
        "0": {
            "precision": 0.967032967032967,
            "recall": 0.9647283126787417,
            "f1-score": 0.9658792650918635,
            "support": 2098.0
        },
        "1": {
            "precision": 0.8112244897959183,
            "recall": 0.8217054263565892,
            "f1-score": 0.8164313222079589,
            "support": 387.0
        },
        "accuracy": 0.9424547283702214,
        "macro avg": {
            "precision": 0.8891287284144427,
            "recall": 0.8932168695176654,
            "f1-score": 0.8911552936499112,
            "support": 2485.0
        },
        "weighted avg": {
            "precision": 0.9427682263123481,
            "recall": 0.9424547283702214,
            "f1-score": 0.942605078413364,
            "support": 2485.0
        }
    },
    "malignancy": {
        "0": {
            "precision": 0.9816308243727598,
            "recall": 0.9803131991051454,
            "f1-score": 0.9809715692858741,
            "support": 2235.0
        },
        "1": {
            "precision": 0.75,
            "recall": 0.2727272727272727,
            "f1-score": 0.4,
            "support": 11.0
        },
        "2": {
            "precision": 0.8112449799196787,
            "recall": 0.8451882845188284,
            "f1-score": 0.8278688524590164,
            "support": 239.0
        },
        "accuracy": 0.9641851106639839,
        "macro avg": {
            "precision": 0.8476252680974795,
            "recall": 0.6994095854504154,
            "f1-score": 0.7362801405816302,
            "support": 2485.0
        },
        "weighted avg": {
            "precision": 0.9642182867903104,
            "recall": 0.9641851106639839,
            "f1-score": 0.963674894604279,
            "support": 2485.0
        }
    },
    "main_class_1": {
        "0": {
            "precision": 0.7444029850746269,
            "recall": 0.5155038759689923,
            "f1-score": 0.6091603053435114,
            "support": 774.0
        },
        "1": {
            "precision": 0.7493279569892473,
            "recall": 0.9116925592804579,
            "f1-score": 0.8225746956842493,
            "support": 1223.0
        },
        "2": {
            "precision": 0.75,
            "recall": 0.7577854671280276,
            "f1-score": 0.7538726333907056,
            "support": 289.0
        },
        "3": {
            "precision": 0.4,
            "recall": 0.3157894736842105,
            "f1-score": 0.35294117647058826,
            "support": 19.0
        },
        "4": {
            "precision": 0.7543859649122807,
            "recall": 0.524390243902439,
            "f1-score": 0.6187050359712231,
            "support": 82.0
        },
        "5": {
            "precision": 0.575,
            "recall": 0.6216216216216216,
            "f1-score": 0.5974025974025974,
            "support": 37.0
        },
        "6": {
            "precision": 0.8771929824561403,
            "recall": 0.819672131147541,
            "f1-score": 0.847457627118644,
            "support": 61.0
        },
        "accuracy": 0.7464788732394366,
        "macro avg": {
            "precision": 0.6929014127760421,
            "recall": 0.6380650532476128,
            "f1-score": 0.6574448673402171,
            "support": 2485.0
        },
        "weighted avg": {
            "precision": 0.7459112365787695,
            "recall": 0.7464788732394366,
            "f1-score": 0.7350529685586896,
            "support": 2485.0
        }
    },
    "main_class_2": {
        "0": {
            "precision": 0.5,
            "recall": 0.25,
            "f1-score": 0.3333333333333333,
            "support": 12.0
        },
        "1": {
            "precision": 0.16666666666666666,
            "recall": 0.0625,
            "f1-score": 0.09090909090909091,
            "support": 16.0
        },
        "2": {
            "precision": 0.5161290322580645,
            "recall": 0.6381766381766382,
            "f1-score": 0.5707006369426751,
            "support": 351.0
        },
        "3": {
            "precision": 0.7563025210084033,
            "recall": 0.625,
            "f1-score": 0.6844106463878327,
            "support": 144.0
        },
        "4": {
            "precision": 1.0,
            "recall": 1.0,
            "f1-score": 1.0,
            "support": 2.0
        },
        "5": {
            "precision": 0.9011588275391956,
            "recall": 0.8825100133511349,
            "f1-score": 0.8917369308600337,
            "support": 1498.0
        },
        "6": {
            "precision": 0.7408637873754153,
            "recall": 0.7716262975778547,
            "f1-score": 0.7559322033898305,
            "support": 289.0
        },
        "7": {
            "precision": 0.26666666666666666,
            "recall": 0.2222222222222222,
            "f1-score": 0.24242424242424243,
            "support": 18.0
        },
        "8": {
            "precision": 0.0,
            "recall": 0.0,
            "f1-score": 0.0,
            "support": 5.0
        },
        "9": {
            "precision": 0.0,
            "recall": 0.0,
            "f1-score": 0.0,
            "support": 5.0
        },
        "10": {
            "precision": 0.2692307692307692,
            "recall": 0.22580645161290322,
            "f1-score": 0.24561403508771928,
            "support": 31.0
        },
        "11": {
            "precision": 0.0,
            "recall": 0.0,
            "f1-score": 0.0,
            "support": 4.0
        },
        "12": {
            "precision": 0.575,
            "recall": 0.6216216216216216,
            "f1-score": 0.5974025974025974,
            "support": 37.0
        },
        "13": {
            "precision": 0.25,
            "recall": 0.16666666666666666,
            "f1-score": 0.2,
            "support": 12.0
        },
        "14": {
            "precision": 0.8813559322033898,
            "recall": 0.8524590163934426,
            "f1-score": 0.8666666666666667,
            "support": 61.0
        },
        "accuracy": 0.7859154929577464,
        "macro avg": {
            "precision": 0.45489161352990476,
            "recall": 0.42123926184149896,
            "f1-score": 0.4319420255602682,
            "support": 2485.0
        },
        "weighted avg": {
            "precision": 0.7871086293481803,
            "recall": 0.7859154929577464,
            "f1-score": 0.7846922195296508,
            "support": 2485.0
        }
    },
    "sub_class": {
        "0": {
            "precision": 0.847682119205298,
            "recall": 0.847682119205298,
            "f1-score": 0.847682119205298,
            "support": 151.0
        },
        "1": {
            "precision": 0.6666666666666666,
            "recall": 0.3333333333333333,
            "f1-score": 0.4444444444444444,
            "support": 12.0
        },
        "2": {
            "precision": 0.2,
            "recall": 0.0625,
            "f1-score": 0.09523809523809523,
            "support": 16.0
        },
        "3": {
            "precision": 0.5,
            "recall": 0.36363636363636365,
            "f1-score": 0.42105263157894735,
            "support": 11.0
        },
        "4": {
            "precision": 0.4666666666666667,
            "recall": 0.875,
            "f1-score": 0.6086956521739131,
            "support": 8.0
        },
        "5": {
            "precision": 0.5677966101694916,
            "recall": 0.788235294117647,
            "f1-score": 0.6600985221674877,
            "support": 85.0
        },
        "6": {
            "precision": 0.6190476190476191,
            "recall": 0.8125,
            "f1-score": 0.7027027027027027,