{
    "super_class": {
        "0": {
            "precision": 0.9636449480642115,
            "recall": 0.9728312678741659,
            "f1-score": 0.9682163187855788,
            "support": 2098.0
        },
        "1": {
            "precision": 0.8446866485013624,
            "recall": 0.8010335917312662,
            "f1-score": 0.8222811671087533,
            "support": 387.0
        },
        "accuracy": 0.9460764587525151,
        "macro avg": {
            "precision": 0.904165798282787,
            "recall": 0.886932429802716,
            "f1-score": 0.895248742947166,
            "support": 2485.0
        },
        "weighted avg": {
            "precision": 0.9451190478908423,
            "recall": 0.9460764587525151,
            "f1-score": 0.9454891945606567,
            "support": 2485.0
        }
    },
    "malignancy": {
        "0": {
            "precision": 0.9786950732356857,
            "recall": 0.9865771812080537,
            "f1-score": 0.982620320855615,
            "support": 2235.0
        },
        "1": {
            "precision": 0.0,
            "recall": 0.0,
            "f1-score": 0.0,
            "support": 11.0
        },
        "2": {
            "precision": 0.8484848484848485,
            "recall": 0.8200836820083682,
            "f1-score": 0.8340425531914893,
            "support": 239.0
        },
        "accuracy": 0.9661971830985916,
        "macro avg": {
            "precision": 0.6090599739068447,
            "recall": 0.6022202877388073,
            "f1-score": 0.6055542913490348,
            "support": 2485.0
        },
        "weighted avg": {
            "precision": 0.9618395844948235,
            "recall": 0.9661971830985916,
            "f1-score": 0.9639809204527426,
            "support": 2485.0
        }
    },
    "main_class_1": {
        "0": {
            "precision": 0.7019400352733686,
            "recall": 0.5142118863049095,
            "f1-score": 0.5935868754660701,
            "support": 774.0
        },
        "1": {
            "precision": 0.7461752433936022,
            "recall": 0.8773507767784138,
            "f1-score": 0.8064637354378054,
            "support": 1223.0
        },
        "2": {
            "precision": 0.755700325732899,
            "recall": 0.8027681660899654,
            "f1-score": 0.7785234899328859,
            "support": 289.0
        },
        "3": {
            "precision": 0.5,
            "recall": 0.15789473684210525,
            "f1-score": 0.24,
            "support": 19.0
        },
        "4": {
            "precision": 0.6708860759493671,
            "recall": 0.6463414634146342,
            "f1-score": 0.6583850931677019,
            "support": 82.0
        },
        "5": {
            "precision": 0.6285714285714286,
            "recall": 0.5945945945945946,
            "f1-score": 0.6111111111111112,
            "support": 37.0
        },
        "6": {
            "precision": 0.8867924528301887,
            "recall": 0.7704918032786885,
            "f1-score": 0.8245614035087719,
            "support": 61.0
        },
        "accuracy": 0.7356136820925553,
        "macro avg": {
            "precision": 0.6985807945358362,
            "recall": 0.6233790610433302,
            "f1-score": 0.6446616726606209,
            "support": 2485.0
        },
        "weighted avg": {
            "precision": 0.7308392132057959,
            "recall": 0.7356136820925553,
            "f1-score": 0.7252280132823645,
            "support": 2485.0
        }
    },
    "main_class_2": {
        "0": {
            "precision": 0.3333333333333333,
            "recall": 0.25,
            "f1-score": 0.2857142857142857,
            "support": 12.0
        },
        "1": {
            "precision": 0.3333333333333333,
            "recall": 0.0625,
            "f1-score": 0.10526315789473684,
            "support": 16.0
        },
        "2": {
            "precision": 0.6420664206642066,
            "recall": 0.49572649572649574,
            "f1-score": 0.5594855305466238,
            "support": 351.0
        },
        "3": {
            "precision": 0.6929133858267716,
            "recall": 0.6111111111111112,
            "f1-score": 0.6494464944649446,
            "support": 144.0
        },
        "4": {
            "precision": 0.0,
            "recall": 0.0,
            "f1-score": 0.0,
            "support": 2.0
        },
        "5": {
            "precision": 0.8774875621890548,
            "recall": 0.9419225634178905,
            "f1-score": 0.9085640695428203,
            "support": 1498.0
        },
        "6": {
            "precision": 0.7236024844720497,
            "recall": 0.8062283737024222,
            "f1-score": 0.762684124386252,
            "support": 289.0
        },
        "7": {
            "precision": 0.2857142857142857,
            "recall": 0.3333333333333333,
            "f1-score": 0.3076923076923077,
            "support": 18.0
        },
        "8": {
            "precision": 0.0,
            "recall": 0.0,
            "f1-score": 0.0,
            "support": 5.0
        },
        "9": {
            "precision": 0.0,
            "recall": 0.0,
            "f1-score": 0.0,
            "support": 5.0
        },
        "10": {
            "precision": 0.34285714285714286,
            "recall": 0.3870967741935484,
            "f1-score": 0.36363636363636365,
            "support": 31.0
        },
        "11": {
            "precision": 0.0,
            "recall": 0.0,
            "f1-score": 0.0,
            "support": 4.0
        },
        "12": {
            "precision": 0.6363636363636364,
            "recall": 0.5675675675675675,
            "f1-score": 0.6,
            "support": 37.0
        },
        "13": {
            "precision": 0.3333333333333333,
            "recall": 0.08333333333333333,
            "f1-score": 0.13333333333333333,
            "support": 12.0
        },
        "14": {
            "precision": 0.9056603773584906,
            "recall": 0.7868852459016393,
            "f1-score": 0.8421052631578947,
            "support": 61.0
        },
        "accuracy": 0.8040241448692153,
        "macro avg": {
            "precision": 0.4071110196963758,
            "recall": 0.3550469865524894,
            "f1-score": 0.3678616620246375,
            "support": 2485.0
        },
        "weighted avg": {
            "precision": 0.7873794071842665,
            "recall": 0.8040241448692153,
            "f1-score": 0.7921274834472017,
            "support": 2485.0
        }
    },
    "sub_class": {
        "0": {
            "precision": 0.72,
            "recall": 0.9536423841059603,
            "f1-score": 0.8205128205128205,
            "support": 151.0
        },
        "1": {
            "precision": 0.3333333333333333,
            "recall": 0.25,
            "f1-score": 0.2857142857142857,
            "support": 12.0
        },
        "2": {
            "precision": 0.4166666666666667,
            "recall": 0.3125,
            "f1-score": 0.35714285714285715,
            "support": 16.0
        },
        "3": {
            "precision": 0.0,
            "recall": 0.0,
            "f1-score": 0.0,
            "support": 11.0
        },
        "4": {
            "precision": 1.0,
            "recall": 0.625,
            "f1-score": 0.7692307692307693,
            "support": 8.0
        },
        "5": {
            "precision": 0.5259259259259259,
            "recall": 0.8352941176470589,
            "f1-score": 0.6454545454545455,
            "support": 85.0
        },
        "6": {
            "precision": 0.6774193548387096,
            "recall": 0.65625,
            "f1-score": 0.6666666666666666,