{
    "super_class": {
        "0": {
            "precision": 0.9512081784386617,
            "recall": 0.9756911344137273,
            "f1-score": 0.9632941176470589,
            "support": 2098.0
        },
        "1": {
            "precision": 0.8468468468468469,
            "recall": 0.7286821705426356,
            "f1-score": 0.7833333333333333,
            "support": 387.0
        },
        "accuracy": 0.9372233400402414,
        "macro avg": {
            "precision": 0.8990275126427543,
            "recall": 0.8521866524781815,
            "f1-score": 0.8733137254901961,
            "support": 2485.0
        },
        "weighted avg": {
            "precision": 0.9349555284080652,
            "recall": 0.9372233400402414,
            "f1-score": 0.9352680317197302,
            "support": 2485.0
        }
    },
    "malignancy": {
        "0": {
            "precision": 0.9764339706536238,
            "recall": 0.9825503355704698,
            "f1-score": 0.9794826048171276,
            "support": 2235.0
        },
        "1": {
            "precision": 0.3333333333333333,
            "recall": 0.09090909090909091,
            "f1-score": 0.14285714285714285,
            "support": 11.0
        },
        "2": {
            "precision": 0.8283261802575107,
            "recall": 0.8075313807531381,
            "f1-score": 0.8177966101694916,
            "support": 239.0
        },
        "accuracy": 0.9617706237424547,
        "macro avg": {
            "precision": 0.7126978280814892,
            "recall": 0.626996935744233,
            "f1-score": 0.646712119281254,
            "support": 2485.0
        },
        "weighted avg": {
            "precision": 0.9593426753155175,
            "recall": 0.9617706237424547,
            "f1-score": 0.9602287485586386,
            "support": 2485.0
        }
    },
    "main_class_1": {
        "0": {
            "precision": 0.656910569105691,
            "recall": 0.5219638242894057,
            "f1-score": 0.5817134629229662,
            "support": 774.0
        },
        "1": {
            "precision": 0.7443661971830986,
            "recall": 0.8642681929681112,
            "f1-score": 0.7998486568293606,
            "support": 1223.0
        },
        "2": {
            "precision": 0.7378277153558053,
            "recall": 0.6816608996539792,
            "f1-score": 0.7086330935251799,
            "support": 289.0
        },
        "3": {
            "precision": 0.5,
            "recall": 0.3684210526315789,
            "f1-score": 0.42424242424242425,
            "support": 19.0
        },
        "4": {
            "precision": 0.7647058823529411,
            "recall": 0.6341463414634146,
            "f1-score": 0.6933333333333334,
            "support": 82.0
        },
        "5": {
            "precision": 0.39285714285714285,
            "recall": 0.5945945945945946,
            "f1-score": 0.4731182795698925,
            "support": 37.0
        },
        "6": {
            "precision": 0.9777777777777777,
            "recall": 0.7213114754098361,
            "f1-score": 0.8301886792452831,
            "support": 61.0
        },
        "accuracy": 0.7175050301810865,
        "macro avg": {
            "precision": 0.6820636120903509,
            "recall": 0.6266237687158458,
            "f1-score": 0.6444397042383486,
            "support": 2485.0
        },
        "weighted avg": {
            "precision": 0.7156647446533851,
            "recall": 0.7175050301810865,
            "f1-score": 0.7107915158170819,
            "support": 2485.0
        }
    },
    "main_class_2": {
        "0": {
            "precision": 1.0,
            "recall": 0.08333333333333333,
            "f1-score": 0.15384615384615385,
            "support": 12.0
        },
        "1": {
            "precision": 0.5714285714285714,
            "recall": 0.25,
            "f1-score": 0.34782608695652173,
            "support": 16.0
        },
        "2": {
            "precision": 0.6151079136690647,
            "recall": 0.48717948717948717,
            "f1-score": 0.5437201907790143,
            "support": 351.0
        },
        "3": {
            "precision": 0.7007299270072993,
            "recall": 0.6666666666666666,
            "f1-score": 0.6832740213523132,
            "support": 144.0
        },
        "4": {
            "precision": 1.0,
            "recall": 1.0,
            "f1-score": 1.0,
            "support": 2.0
        },
        "5": {
            "precision": 0.8673658235657001,
            "recall": 0.9385847797062751,
            "f1-score": 0.9015710163513947,
            "support": 1498.0
        },
        "6": {
            "precision": 0.7453183520599251,
            "recall": 0.6885813148788927,
            "f1-score": 0.7158273381294964,
            "support": 289.0
        },
        "7": {
            "precision": 0.8181818181818182,
            "recall": 0.5,
            "f1-score": 0.6206896551724138,
            "support": 18.0
        },
        "8": {
            "precision": 0.0,
            "recall": 0.0,
            "f1-score": 0.0,
            "support": 5.0
        },
        "9": {
            "precision": 0.0,
            "recall": 0.0,
            "f1-score": 0.0,
            "support": 5.0
        },
        "10": {
            "precision": 0.34146341463414637,
            "recall": 0.45161290322580644,
            "f1-score": 0.3888888888888889,
            "support": 31.0
        },
        "11": {
            "precision": 0.0,
            "recall": 0.0,
            "f1-score": 0.0,
            "support": 4.0
        },
        "12": {
            "precision": 0.36065573770491804,
            "recall": 0.5945945945945946,
            "f1-score": 0.4489795918367347,
            "support": 37.0
        },
        "13": {
            "precision": 0.38461538461538464,
            "recall": 0.4166666666666667,
            "f1-score": 0.4,
            "support": 12.0
        },
        "14": {
            "precision": 0.9777777777777777,
            "recall": 0.7213114754098361,
            "f1-score": 0.8301886792452831,
            "support": 61.0
        },
        "accuracy": 0.7939637826961771,
        "macro avg": {
            "precision": 0.5588429813763071,
            "recall": 0.4532354147774373,
            "f1-score": 0.468987441503881,
            "support": 2485.0
        },
        "weighted avg": {
            "precision": 0.7877579805683417,
            "recall": 0.7939637826961771,
            "f1-score": 0.7852546576136901,
            "support": 2485.0
        }
    },
    "sub_class": {
        "0": {
            "precision": 0.6844660194174758,
            "recall": 0.9337748344370861,
            "f1-score": 0.7899159663865546,
            "support": 151.0
        },
        "1": {
            "precision": 0.5,
            "recall": 0.08333333333333333,
            "f1-score": 0.14285714285714285,
            "support": 12.0
        },
        "2": {
            "precision": 0.45454545454545453,
            "recall": 0.3125,
            "f1-score": 0.37037037037037035,
            "support": 16.0
        },
        "3": {
            "precision": 0.14285714285714285,
            "recall": 0.09090909090909091,
            "f1-score": 0.1111111111111111,
            "support": 11.0
        },
        "4": {
            "precision": 0.625,
            "recall": 0.625,
            "f1-score": 0.625,
            "support": 8.0
        },
        "5": {
            "precision": 0.4954954954954955,
            "recall": 0.6470588235294118,
            "f1-score": 0.5612244897959183,
            "support": 85.0
        },
        "6": {
            "precision": 0.75,