{
    "super_class": {
        "0": {
            "precision": 0.9423791821561338,
            "recall": 0.9666348903717826,
            "f1-score": 0.9543529411764706,
            "support": 2098.0
        },
        "1": {
            "precision": 0.7897897897897898,
            "recall": 0.6795865633074936,
            "f1-score": 0.7305555555555555,
            "support": 387.0
        },
        "accuracy": 0.9219315895372233,
        "macro avg": {
            "precision": 0.8660844859729617,
            "recall": 0.823110726839638,
            "f1-score": 0.8424542483660131,
            "support": 2485.0
        },
        "weighted avg": {
            "precision": 0.9186157637071296,
            "recall": 0.9219315895372233,
            "f1-score": 0.9194999881642799,
            "support": 2485.0
        }
    },
    "malignancy": {
        "0": {
            "precision": 0.9702882483370289,
            "recall": 0.9789709172259508,
            "f1-score": 0.9746102449888642,
            "support": 2235.0
        },
        "1": {
            "precision": 0.25,
            "recall": 0.18181818181818182,
            "f1-score": 0.21052631578947367,
            "support": 11.0
        },
        "2": {
            "precision": 0.7882882882882883,
            "recall": 0.7322175732217573,
            "f1-score": 0.7592190889370932,
            "support": 239.0
        },
        "accuracy": 0.9517102615694165,
        "macro avg": {
            "precision": 0.669525512208439,
            "recall": 0.6310022240886299,
            "f1-score": 0.6481185499051437,
            "support": 2485.0
        },
        "weighted avg": {
            "precision": 0.9495956281425192,
            "recall": 0.9517102615694165,
            "f1-score": 0.9505122934727408,
            "support": 2485.0
        }
    },
    "main_class_1": {
        "0": {
            "precision": 0.6967741935483871,
            "recall": 0.4186046511627907,
            "f1-score": 0.5230024213075061,
            "support": 774.0
        },
        "1": {
            "precision": 0.7077798861480076,
            "recall": 0.9149632052330335,
            "f1-score": 0.7981455064194009,
            "support": 1223.0
        },
        "2": {
            "precision": 0.6714801444043321,
            "recall": 0.643598615916955,
            "f1-score": 0.657243816254417,
            "support": 289.0
        },
        "3": {
            "precision": 0.2727272727272727,
            "recall": 0.15789473684210525,
            "f1-score": 0.2,
            "support": 19.0
        },
        "4": {
            "precision": 0.6428571428571429,
            "recall": 0.5487804878048781,
            "f1-score": 0.5921052631578947,
            "support": 82.0
        },
        "5": {
            "precision": 0.4583333333333333,
            "recall": 0.2972972972972973,
            "f1-score": 0.36065573770491804,
            "support": 37.0
        },
        "6": {
            "precision": 0.8421052631578947,
            "recall": 0.7868852459016393,
            "f1-score": 0.8135593220338984,
            "support": 61.0
        },
        "accuracy": 0.6985915492957746,
        "macro avg": {
            "precision": 0.6131510337394815,
            "recall": 0.5382891771655285,
            "f1-score": 0.5635302952682907,
            "support": 2485.0
        },
        "weighted avg": {
            "precision": 0.6942449282013625,
            "recall": 0.6985915492957746,
            "f1-score": 0.67855263736763,
            "support": 2485.0
        }
    },
    "main_class_2": {
        "0": {
            "precision": 0.3333333333333333,
            "recall": 0.16666666666666666,
            "f1-score": 0.2222222222222222,
            "support": 12.0
        },
        "1": {
            "precision": 0.3333333333333333,
            "recall": 0.0625,
            "f1-score": 0.10526315789473684,
            "support": 16.0
        },
        "2": {
            "precision": 0.6490066225165563,
            "recall": 0.2792022792022792,
            "f1-score": 0.3904382470119522,
            "support": 351.0
        },
        "3": {
            "precision": 0.6666666666666666,
            "recall": 0.6388888888888888,
            "f1-score": 0.6524822695035462,
            "support": 144.0
        },
        "4": {
            "precision": 0.6666666666666666,
            "recall": 1.0,
            "f1-score": 0.8,
            "support": 2.0
        },
        "5": {
            "precision": 0.8165242165242165,
            "recall": 0.9566088117489987,
            "f1-score": 0.8810328927144174,
            "support": 1498.0
        },
        "6": {
            "precision": 0.6654545454545454,
            "recall": 0.6332179930795848,
            "f1-score": 0.648936170212766,
            "support": 289.0
        },
        "7": {
            "precision": 0.625,
            "recall": 0.2777777777777778,
            "f1-score": 0.38461538461538464,
            "support": 18.0
        },
        "8": {
            "precision": 0.0,
            "recall": 0.0,
            "f1-score": 0.0,
            "support": 5.0
        },
        "9": {
            "precision": 0.0,
            "recall": 0.0,
            "f1-score": 0.0,
            "support": 5.0
        },
        "10": {
            "precision": 0.2765957446808511,
            "recall": 0.41935483870967744,
            "f1-score": 0.3333333333333333,
            "support": 31.0
        },
        "11": {
            "precision": 0.0,
            "recall": 0.0,
            "f1-score": 0.0,
            "support": 4.0
        },
        "12": {
            "precision": 0.4090909090909091,
            "recall": 0.24324324324324326,
            "f1-score": 0.3050847457627119,
            "support": 37.0
        },
        "13": {
            "precision": 0.2,
            "recall": 0.16666666666666666,
            "f1-score": 0.18181818181818182,
            "support": 12.0
        },
        "14": {
            "precision": 0.819672131147541,
            "recall": 0.819672131147541,
            "f1-score": 0.819672131147541,
            "support": 61.0
        },
        "accuracy": 0.7605633802816901,
        "macro avg": {
            "precision": 0.43075627796097465,
            "recall": 0.377586619808755,
            "f1-score": 0.38165991574911956,
            "support": 2485.0
        },
        "weighted avg": {
            "precision": 0.7393555182620072,
            "recall": 0.7605633802816901,
            "f1-score": 0.7344097944514381,
            "support": 2485.0
        }
    },
    "sub_class": {
        "0": {
            "precision": 0.7910447761194029,
            "recall": 0.7019867549668874,
            "f1-score": 0.743859649122807,
            "support": 151.0
        },
        "1": {
            "precision": 0.25,
            "recall": 0.16666666666666666,
            "f1-score": 0.2,
            "support": 12.0
        },
        "2": {
            "precision": 0.3333333333333333,
            "recall": 0.0625,
            "f1-score": 0.10526315789473684,
            "support": 16.0
        },
        "3": {
            "precision": 0.2222222222222222,
            "recall": 0.18181818181818182,
            "f1-score": 0.2,
            "support": 11.0
        },
        "4": {
            "precision": 0.8333333333333334,
            "recall": 0.625,
            "f1-score": 0.7142857142857143,
            "support": 8.0
        },
        "5": {
            "precision": 0.611764705882353,
            "recall": 0.611764705882353,
            "f1-score": 0.611764705882353,
            "support": 85.0
        },
        "6": {
            "precision": 0.75,