{
    "super_class": {
        "0": {
            "precision": 0.9690821256038648,
            "recall": 0.9561487130600572,
            "f1-score": 0.9625719769673704,
            "support": 2098.0
        },
        "1": {
            "precision": 0.7783132530120482,
            "recall": 0.834625322997416,
            "f1-score": 0.8054862842892768,
            "support": 387.0
        },
        "accuracy": 0.9372233400402414,
        "macro avg": {
            "precision": 0.8736976893079564,
            "recall": 0.8953870180287367,
            "f1-score": 0.8840291306283237,
            "support": 2485.0
        },
        "weighted avg": {
            "precision": 0.9393728484638113,
            "recall": 0.9372233400402414,
            "f1-score": 0.9381083298581461,
            "support": 2485.0
        }
    },
    "malignancy": {
        "0": {
            "precision": 0.9752868490732568,
            "recall": 0.9888143176733781,
            "f1-score": 0.9820039991113086,
            "support": 2235.0
        },
        "1": {
            "precision": 1.0,
            "recall": 0.18181818181818182,
            "f1-score": 0.3076923076923077,
            "support": 11.0
        },
        "2": {
            "precision": 0.8617511520737328,
            "recall": 0.7824267782426778,
            "f1-score": 0.8201754385964912,
            "support": 239.0
        },
        "accuracy": 0.9653923541247484,
        "macro avg": {
            "precision": 0.9456793337156632,
            "recall": 0.651019759244746,
            "f1-score": 0.703290581800036,
            "support": 2485.0
        },
        "weighted avg": {
            "precision": 0.9644767134906845,
            "recall": 0.9653923541247484,
            "f1-score": 0.9634549228261374,
            "support": 2485.0
        }
    },
    "main_class_1": {
        "0": {
            "precision": 0.6253443526170799,
            "recall": 0.58656330749354,
            "f1-score": 0.6053333333333333,
            "support": 774.0
        },
        "1": {
            "precision": 0.7629744384198296,
            "recall": 0.8053965658217498,
            "f1-score": 0.7836117740652346,
            "support": 1223.0
        },
        "2": {
            "precision": 0.7287066246056783,
            "recall": 0.7993079584775087,
            "f1-score": 0.7623762376237624,
            "support": 289.0
        },
        "3": {
            "precision": 0.29411764705882354,
            "recall": 0.2631578947368421,
            "f1-score": 0.2777777777777778,
            "support": 19.0
        },
        "4": {
            "precision": 0.8125,
            "recall": 0.3170731707317073,
            "f1-score": 0.45614035087719296,
            "support": 82.0
        },
        "5": {
            "precision": 0.627906976744186,
            "recall": 0.7297297297297297,
            "f1-score": 0.675,
            "support": 37.0
        },
        "6": {
            "precision": 0.8983050847457628,
            "recall": 0.8688524590163934,
            "f1-score": 0.8833333333333333,
            "support": 61.0
        },
        "accuracy": 0.7167002012072434,
        "macro avg": {
            "precision": 0.6785507320273372,
            "recall": 0.6242972980010674,
            "f1-score": 0.6347961152872335,
            "support": 2485.0
        },
        "weighted avg": {
            "precision": 0.7154820463691173,
            "recall": 0.7167002012072434,
            "f1-score": 0.7117712483855494,
            "support": 2485.0
        }
    },
    "main_class_2": {
        "0": {
            "precision": 0.75,
            "recall": 0.25,
            "f1-score": 0.375,
            "support": 12.0
        },
        "1": {
            "precision": 1.0,
            "recall": 0.0625,
            "f1-score": 0.11764705882352941,
            "support": 16.0
        },
        "2": {
            "precision": 0.5828025477707006,
            "recall": 0.5213675213675214,
            "f1-score": 0.5503759398496241,
            "support": 351.0
        },
        "3": {
            "precision": 0.7416666666666667,
            "recall": 0.6180555555555556,
            "f1-score": 0.6742424242424242,
            "support": 144.0
        },
        "4": {
            "precision": 1.0,
            "recall": 1.0,
            "f1-score": 1.0,
            "support": 2.0
        },
        "5": {
            "precision": 0.883248730964467,
            "recall": 0.9292389853137517,
            "f1-score": 0.9056603773584906,
            "support": 1498.0
        },
        "6": {
            "precision": 0.7264437689969605,
            "recall": 0.8269896193771626,
            "f1-score": 0.7734627831715211,
            "support": 289.0
        },
        "7": {
            "precision": 0.3333333333333333,
            "recall": 0.05555555555555555,
            "f1-score": 0.09523809523809523,
            "support": 18.0
        },
        "8": {
            "precision": 0.0,
            "recall": 0.0,
            "f1-score": 0.0,
            "support": 5.0
        },
        "9": {
            "precision": 0.0,
            "recall": 0.0,
            "f1-score": 0.0,
            "support": 5.0
        },
        "10": {
            "precision": 0.45,
            "recall": 0.2903225806451613,
            "f1-score": 0.35294117647058826,
            "support": 31.0
        },
        "11": {
            "precision": 0.0,
            "recall": 0.0,
            "f1-score": 0.0,
            "support": 4.0
        },
        "12": {
            "precision": 0.6363636363636364,
            "recall": 0.7567567567567568,
            "f1-score": 0.691358024691358,
            "support": 37.0
        },
        "13": {
            "precision": 0.23076923076923078,
            "recall": 0.25,
            "f1-score": 0.24,
            "support": 12.0
        },
        "14": {
            "precision": 0.8983050847457628,
            "recall": 0.8688524590163934,
            "f1-score": 0.8833333333333333,
            "support": 61.0
        },
        "accuracy": 0.8060362173038229,
        "macro avg": {
            "precision": 0.5488621999740506,
            "recall": 0.42864260223919054,
            "f1-score": 0.4439506142119309,
            "support": 2485.0
        },
        "weighted avg": {
            "precision": 0.7937520474754872,
            "recall": 0.8060362173038229,
            "f1-score": 0.7943115690022856,
            "support": 2485.0
        }
    },
    "sub_class": {
        "0": {
            "precision": 0.8733333333333333,
            "recall": 0.8675496688741722,
            "f1-score": 0.8704318936877077,
            "support": 151.0
        },
        "1": {
            "precision": 0.75,
            "recall": 0.25,
            "f1-score": 0.375,
            "support": 12.0
        },
        "2": {
            "precision": 1.0,
            "recall": 0.0625,
            "f1-score": 0.11764705882352941,
            "support": 16.0
        },
        "3": {
            "precision": 0.6666666666666666,
            "recall": 0.36363636363636365,
            "f1-score": 0.47058823529411764,
            "support": 11.0
        },
        "4": {
            "precision": 0.47058823529411764,
            "recall": 1.0,
            "f1-score": 0.64,
            "support": 8.0
        },
        "5": {
            "precision": 0.5871559633027523,
            "recall": 0.7529411764705882,
            "f1-score": 0.6597938144329897,
            "support": 85.0
        },
        "6": {
            "precision": 0.7666666666666667,
            "recall": 0.71875,
            "f1-score": 0.7419354838709677,
            "support": 32.0
        },