{
    "super_class": {
        "0": {
            "precision": 0.9571563088512242,
            "recall": 0.9690181124880839,
            "f1-score": 0.9630506868782568,
            "support": 2098.0
        },
        "1": {
            "precision": 0.8199445983379502,
            "recall": 0.7648578811369509,
            "f1-score": 0.7914438502673797,
            "support": 387.0
        },
        "accuracy": 0.9372233400402414,
        "macro avg": {
            "precision": 0.8885504535945872,
            "recall": 0.8669379968125174,
            "f1-score": 0.8772472685728183,
            "support": 2485.0
        },
        "weighted avg": {
            "precision": 0.93578772455801,
            "recall": 0.9372233400402414,
            "f1-score": 0.9363255980378506,
            "support": 2485.0
        }
    },
    "malignancy": {
        "0": {
            "precision": 0.9747675962815405,
            "recall": 0.9852348993288591,
            "f1-score": 0.9799732977303071,
            "support": 2235.0
        },
        "1": {
            "precision": 0.0,
            "recall": 0.0,
            "f1-score": 0.0,
            "support": 11.0
        },
        "2": {
            "precision": 0.8362831858407079,
            "recall": 0.7907949790794979,
            "f1-score": 0.8129032258064516,
            "support": 239.0
        },
        "accuracy": 0.9621730382293763,
        "macro avg": {
            "precision": 0.6036835940407496,
            "recall": 0.5920099594694523,
            "f1-score": 0.5976255078455862,
            "support": 2485.0
        },
        "weighted avg": {
            "precision": 0.9571337058773329,
            "recall": 0.9621730382293763,
            "f1-score": 0.9595670790321845,
            "support": 2485.0
        }
    },
    "main_class_1": {
        "0": {
            "precision": 0.6509863429438544,
            "recall": 0.5542635658914729,
            "f1-score": 0.5987438939288207,
            "support": 774.0
        },
        "1": {
            "precision": 0.7560975609756098,
            "recall": 0.8618152085036794,
            "f1-score": 0.8055024837600305,
            "support": 1223.0
        },
        "2": {
            "precision": 0.7201365187713311,
            "recall": 0.7301038062283737,
            "f1-score": 0.7250859106529209,
            "support": 289.0
        },
        "3": {
            "precision": 0.5,
            "recall": 0.21052631578947367,
            "f1-score": 0.2962962962962963,
            "support": 19.0
        },
        "4": {
            "precision": 0.7115384615384616,
            "recall": 0.45121951219512196,
            "f1-score": 0.5522388059701493,
            "support": 82.0
        },
        "5": {
            "precision": 0.5151515151515151,
            "recall": 0.4594594594594595,
            "f1-score": 0.4857142857142857,
            "support": 37.0
        },
        "6": {
            "precision": 0.8913043478260869,
            "recall": 0.6721311475409836,
            "f1-score": 0.7663551401869159,
            "support": 61.0
        },
        "accuracy": 0.7215291750503018,
        "macro avg": {
            "precision": 0.6778878210295513,
            "recall": 0.5627884308012235,
            "f1-score": 0.6042766880727742,
            "support": 2485.0
        },
        "weighted avg": {
            "precision": 0.7154794871471951,
            "recall": 0.7215291750503018,
            "f1-score": 0.7137784481127287,
            "support": 2485.0
        }
    },
    "main_class_2": {
        "0": {
            "precision": 0.0,
            "recall": 0.0,
            "f1-score": 0.0,
            "support": 12.0
        },
        "1": {
            "precision": 0.6666666666666666,
            "recall": 0.125,
            "f1-score": 0.21052631578947367,
            "support": 16.0
        },
        "2": {
            "precision": 0.5561959654178674,
            "recall": 0.5498575498575499,
            "f1-score": 0.5530085959885387,
            "support": 351.0
        },
        "3": {
            "precision": 0.7454545454545455,
            "recall": 0.5694444444444444,
            "f1-score": 0.6456692913385826,
            "support": 144.0
        },
        "4": {
            "precision": 0.0,
            "recall": 0.0,
            "f1-score": 0.0,
            "support": 2.0
        },
        "5": {
            "precision": 0.8735202492211838,
            "recall": 0.9359145527369827,
            "f1-score": 0.9036416371253626,
            "support": 1498.0
        },
        "6": {
            "precision": 0.7105263157894737,
            "recall": 0.7474048442906575,
            "f1-score": 0.7284991568296796,
            "support": 289.0
        },
        "7": {
            "precision": 0.2,
            "recall": 0.05555555555555555,
            "f1-score": 0.08695652173913043,
            "support": 18.0
        },
        "8": {
            "precision": 0.0,
            "recall": 0.0,
            "f1-score": 0.0,
            "support": 5.0
        },
        "9": {
            "precision": 0.0,
            "recall": 0.0,
            "f1-score": 0.0,
            "support": 5.0
        },
        "10": {
            "precision": 0.2962962962962963,
            "recall": 0.25806451612903225,
            "f1-score": 0.27586206896551724,
            "support": 31.0
        },
        "11": {
            "precision": 0.0,
            "recall": 0.0,
            "f1-score": 0.0,
            "support": 4.0
        },
        "12": {
            "precision": 0.53125,
            "recall": 0.4594594594594595,
            "f1-score": 0.4927536231884058,
            "support": 37.0
        },
        "13": {
            "precision": 0.75,
            "recall": 0.25,
            "f1-score": 0.375,
            "support": 12.0
        },
        "14": {
            "precision": 0.8958333333333334,
            "recall": 0.7049180327868853,
            "f1-score": 0.7889908256880734,
            "support": 61.0
        },
        "accuracy": 0.7915492957746478,
        "macro avg": {
            "precision": 0.41504955814529104,
            "recall": 0.31037459701737113,
            "f1-score": 0.3373938691101843,
            "support": 2485.0
        },
        "weighted avg": {
            "precision": 0.7739233851866408,
            "recall": 0.7915492957746478,
            "f1-score": 0.778921332349744,
            "support": 2485.0
        }
    },
    "sub_class": {
        "0": {
            "precision": 0.81875,
            "recall": 0.8675496688741722,
            "f1-score": 0.842443729903537,
            "support": 151.0
        },
        "1": {
            "precision": 0.0,
            "recall": 0.0,
            "f1-score": 0.0,
            "support": 12.0
        },
        "2": {
            "precision": 0.6666666666666666,
            "recall": 0.125,
            "f1-score": 0.21052631578947367,
            "support": 16.0
        },
        "3": {
            "precision": 0.0,
            "recall": 0.0,
            "f1-score": 0.0,
            "support": 11.0
        },
        "4": {
            "precision": 1.0,
            "recall": 0.625,
            "f1-score": 0.7692307692307693,
            "support": 8.0
        },
        "5": {
            "precision": 0.5504587155963303,
            "recall": 0.7058823529411765,
            "f1-score": 0.6185567010309279,
            "support": 85.0
        },
        "6": {
            "precision": 0.8888888888888888,
            "recall": 0.75,
            "f1-score": 0.8135593220338984,
            "support": 32.0
        },
        "7": {
            "precision": 0.0,
            "recall": 0.0,