{
    "super_class": {
        "0": {
            "precision": 0.9577464788732394,
            "recall": 0.9723546234509056,
            "f1-score": 0.9649952696310312,
            "support": 2098.0
        },
        "1": {
            "precision": 0.8366197183098592,
            "recall": 0.7674418604651163,
            "f1-score": 0.8005390835579514,
            "support": 387.0
        },
        "accuracy": 0.9404426559356137,
        "macro avg": {
            "precision": 0.8971830985915492,
            "recall": 0.869898241958011,
            "f1-score": 0.8827671765944913,
            "support": 2485.0
        },
        "weighted avg": {
            "precision": 0.9388828747130671,
            "recall": 0.9404426559356137,
            "f1-score": 0.9393837831077788,
            "support": 2485.0
        }
    },
    "malignancy": {
        "0": {
            "precision": 0.9625598606878537,
            "recall": 0.9892617449664429,
            "f1-score": 0.9757281553398058,
            "support": 2235.0
        },
        "1": {
            "precision": 0.0,
            "recall": 0.0,
            "f1-score": 0.0,
            "support": 11.0
        },
        "2": {
            "precision": 0.8563829787234043,
            "recall": 0.6736401673640168,
            "f1-score": 0.7540983606557377,
            "support": 239.0
        },
        "accuracy": 0.9545271629778672,
        "macro avg": {
            "precision": 0.6063142798037527,
            "recall": 0.5543006374434866,
            "f1-score": 0.5766088386651812,
            "support": 2485.0
        },
        "weighted avg": {
            "precision": 0.9480872517312865,
            "recall": 0.9545271629778672,
            "f1-score": 0.9500933341574194,
            "support": 2485.0
        }
    },
    "main_class_1": {
        "0": {
            "precision": 0.643344709897611,
            "recall": 0.4870801033591731,
            "f1-score": 0.5544117647058824,
            "support": 774.0
        },
        "1": {
            "precision": 0.7262228260869565,
            "recall": 0.8740801308258381,
            "f1-score": 0.7933209647495362,
            "support": 1223.0
        },
        "2": {
            "precision": 0.7434944237918215,
            "recall": 0.6920415224913494,
            "f1-score": 0.7168458781362007,
            "support": 289.0
        },
        "3": {
            "precision": 0.2857142857142857,
            "recall": 0.21052631578947367,
            "f1-score": 0.24242424242424243,
            "support": 19.0
        },
        "4": {
            "precision": 0.9090909090909091,
            "recall": 0.36585365853658536,
            "f1-score": 0.5217391304347826,
            "support": 82.0
        },
        "5": {
            "precision": 0.38181818181818183,
            "recall": 0.5675675675675675,
            "f1-score": 0.45652173913043476,
            "support": 37.0
        },
        "6": {
            "precision": 0.7857142857142857,
            "recall": 0.7213114754098361,
            "f1-score": 0.7521367521367521,
            "support": 61.0
        },
        "accuracy": 0.7022132796780685,
        "macro avg": {
            "precision": 0.6393428031591502,
            "recall": 0.5597801105685462,
            "f1-score": 0.5767714959596901,
            "support": 2485.0
        },
        "weighted avg": {
            "precision": 0.7014161289218531,
            "recall": 0.7022132796780685,
            "f1-score": 0.6908148974174158,
            "support": 2485.0
        }
    },
    "main_class_2": {
        "0": {
            "precision": 0.0,
            "recall": 0.0,
            "f1-score": 0.0,
            "support": 12.0
        },
        "1": {
            "precision": 0.6666666666666666,
            "recall": 0.125,
            "f1-score": 0.21052631578947367,
            "support": 16.0
        },
        "2": {
            "precision": 0.6160714285714286,
            "recall": 0.39316239316239315,
            "f1-score": 0.48,
            "support": 351.0
        },
        "3": {
            "precision": 0.6323529411764706,
            "recall": 0.5972222222222222,
            "f1-score": 0.6142857142857143,
            "support": 144.0
        },
        "4": {
            "precision": 0.0,
            "recall": 0.0,
            "f1-score": 0.0,
            "support": 2.0
        },
        "5": {
            "precision": 0.8448979591836735,
            "recall": 0.9672897196261683,
            "f1-score": 0.9019607843137255,
            "support": 1498.0
        },
        "6": {
            "precision": 0.7481751824817519,
            "recall": 0.7093425605536332,
            "f1-score": 0.7282415630550622,
            "support": 289.0
        },
        "7": {
            "precision": 1.0,
            "recall": 0.05555555555555555,
            "f1-score": 0.10526315789473684,
            "support": 18.0
        },
        "8": {
            "precision": 0.0,
            "recall": 0.0,
            "f1-score": 0.0,
            "support": 5.0
        },
        "9": {
            "precision": 0.0,
            "recall": 0.0,
            "f1-score": 0.0,
            "support": 5.0
        },
        "10": {
            "precision": 0.3333333333333333,
            "recall": 0.16129032258064516,
            "f1-score": 0.21739130434782608,
            "support": 31.0
        },
        "11": {
            "precision": 0.0,
            "recall": 0.0,
            "f1-score": 0.0,
            "support": 4.0
        },
        "12": {
            "precision": 0.4117647058823529,
            "recall": 0.5675675675675675,
            "f1-score": 0.4772727272727273,
            "support": 37.0
        },
        "13": {
            "precision": 0.25,
            "recall": 0.16666666666666666,
            "f1-score": 0.2,
            "support": 12.0
        },
        "14": {
            "precision": 0.7818181818181819,
            "recall": 0.7049180327868853,
            "f1-score": 0.7413793103448276,
            "support": 61.0
        },
        "accuracy": 0.785513078470825,
        "macro avg": {
            "precision": 0.4190053599409239,
            "recall": 0.2965343360481158,
            "f1-score": 0.31175472515360625,
            "support": 2485.0
        },
        "weighted avg": {
            "precision": 0.7622156413524783,
            "recall": 0.785513078470825,
            "f1-score": 0.7629061274252158,
            "support": 2485.0
        }
    },
    "sub_class": {
        "0": {
            "precision": 0.8870967741935484,
            "recall": 0.7284768211920529,
            "f1-score": 0.8,
            "support": 151.0
        },
        "1": {
            "precision": 0.0,
            "recall": 0.0,
            "f1-score": 0.0,
            "support": 12.0
        },
        "2": {
            "precision": 0.6,
            "recall": 0.1875,
            "f1-score": 0.2857142857142857,
            "support": 16.0
        },
        "3": {
            "precision": 0.0,
            "recall": 0.0,
            "f1-score": 0.0,
            "support": 11.0
        },
        "4": {
            "precision": 1.0,
            "recall": 0.375,
            "f1-score": 0.5454545454545454,
            "support": 8.0
        },
        "5": {
            "precision": 0.42105263157894735,
            "recall": 0.7529411764705882,
            "f1-score": 0.540084388185654,
            "support": 85.0
        },
        "6": {
            "precision": 0.6097560975609756,
            "recall": 0.78125,
            "f1-score": 0.684931506849315,
            "support": 32.0
        },
        "7": {
            "precision": 0.0,