{
    "super_class": {
        "0": {
            "precision": 0.9584500466853408,
            "recall": 0.9785510009532888,
            "f1-score": 0.9683962264150944,
            "support": 2098.0
        },
        "1": {
            "precision": 0.8688046647230321,
            "recall": 0.7700258397932817,
            "f1-score": 0.8164383561643835,
            "support": 387.0
        },
        "accuracy": 0.9460764587525151,
        "macro avg": {
            "precision": 0.9136273557041865,
            "recall": 0.8742884203732852,
            "f1-score": 0.892417291289739,
            "support": 2485.0
        },
        "weighted avg": {
            "precision": 0.9444891763354762,
            "recall": 0.9460764587525151,
            "f1-score": 0.9447311576879214,
            "support": 2485.0
        }
    },
    "malignancy": {
        "0": {
            "precision": 0.9765694076038903,
            "recall": 0.9883668903803132,
            "f1-score": 0.9824327329330665,
            "support": 2235.0
        },
        "1": {
            "precision": 0.5,
            "recall": 0.36363636363636365,
            "f1-score": 0.42105263157894735,
            "support": 11.0
        },
        "2": {
            "precision": 0.8790697674418605,
            "recall": 0.7907949790794979,
            "f1-score": 0.8325991189427313,
            "support": 239.0
        },
        "accuracy": 0.9665995975855131,
        "macro avg": {
            "precision": 0.7852130583485836,
            "recall": 0.714266077698725,
            "f1-score": 0.7453614944849151,
            "support": 2485.0
        },
        "weighted avg": {
            "precision": 0.9650826158604827,
            "recall": 0.9665995975855131,
            "f1-score": 0.9655371937545612,
            "support": 2485.0
        }
    },
    "main_class_1": {
        "0": {
            "precision": 0.6660682226211849,
            "recall": 0.479328165374677,
            "f1-score": 0.5574755822689706,
            "support": 774.0
        },
        "1": {
            "precision": 0.7193333333333334,
            "recall": 0.8822567457072772,
            "f1-score": 0.792508262945281,
            "support": 1223.0
        },
        "2": {
            "precision": 0.8145454545454546,
            "recall": 0.7750865051903114,
            "f1-score": 0.7943262411347518,
            "support": 289.0
        },
        "3": {
            "precision": 0.21739130434782608,
            "recall": 0.2631578947368421,
            "f1-score": 0.23809523809523808,
            "support": 19.0
        },
        "4": {
            "precision": 0.8,
            "recall": 0.5853658536585366,
            "f1-score": 0.676056338028169,
            "support": 82.0
        },
        "5": {
            "precision": 0.7777777777777778,
            "recall": 0.3783783783783784,
            "f1-score": 0.509090909090909,
            "support": 37.0
        },
        "6": {
            "precision": 0.9423076923076923,
            "recall": 0.8032786885245902,
            "f1-score": 0.8672566371681416,
            "support": 61.0
        },
        "accuracy": 0.7203219315895373,
        "macro avg": {
            "precision": 0.7053462549904671,
            "recall": 0.5952646045100876,
            "f1-score": 0.633544172675923,
            "support": 2485.0
        },
        "weighted avg": {
            "precision": 0.7189835368733425,
            "recall": 0.7203219315895373,
            "f1-score": 0.7090476610430362,
            "support": 2485.0
        }
    },
    "main_class_2": {
        "0": {
            "precision": 0.8,
            "recall": 0.3333333333333333,
            "f1-score": 0.47058823529411764,
            "support": 12.0
        },
        "1": {
            "precision": 0.375,
            "recall": 0.1875,
            "f1-score": 0.25,
            "support": 16.0
        },
        "2": {
            "precision": 0.6847290640394089,
            "recall": 0.396011396011396,
            "f1-score": 0.5018050541516246,
            "support": 351.0
        },
        "3": {
            "precision": 0.6477987421383647,
            "recall": 0.7152777777777778,
            "f1-score": 0.6798679867986799,
            "support": 144.0
        },
        "4": {
            "precision": 1.0,
            "recall": 1.0,
            "f1-score": 1.0,
            "support": 2.0
        },
        "5": {
            "precision": 0.8420434527304757,
            "recall": 0.9572763684913218,
            "f1-score": 0.8959700093720713,
            "support": 1498.0
        },
        "6": {
            "precision": 0.7875457875457875,
            "recall": 0.7439446366782007,
            "f1-score": 0.7651245551601423,
            "support": 289.0
        },
        "7": {
            "precision": 0.46153846153846156,
            "recall": 0.3333333333333333,
            "f1-score": 0.3870967741935484,
            "support": 18.0
        },
        "8": {
            "precision": 0.0,
            "recall": 0.0,
            "f1-score": 0.0,
            "support": 5.0
        },
        "9": {
            "precision": 0.0,
            "recall": 0.0,
            "f1-score": 0.0,
            "support": 5.0
        },
        "10": {
            "precision": 0.38461538461538464,
            "recall": 0.3225806451612903,
            "f1-score": 0.3508771929824561,
            "support": 31.0
        },
        "11": {
            "precision": 0.0,
            "recall": 0.0,
            "f1-score": 0.0,
            "support": 4.0
        },
        "12": {
            "precision": 0.7368421052631579,
            "recall": 0.3783783783783784,
            "f1-score": 0.5,
            "support": 37.0
        },
        "13": {
            "precision": 0.21428571428571427,
            "recall": 0.25,
            "f1-score": 0.23076923076923078,
            "support": 12.0
        },
        "14": {
            "precision": 0.9056603773584906,
            "recall": 0.7868852459016393,
            "f1-score": 0.8421052631578947,
            "support": 61.0
        },
        "accuracy": 0.7971830985915493,
        "macro avg": {
            "precision": 0.5226706059676831,
            "recall": 0.42696807433777806,
            "f1-score": 0.4582802867919844,
            "support": 2485.0
        },
        "weighted avg": {
            "precision": 0.7829035749909637,
            "recall": 0.7971830985915493,
            "f1-score": 0.7804620845674872,
            "support": 2485.0
        }
    },
    "sub_class": {
        "0": {
            "precision": 0.8618421052631579,
            "recall": 0.8675496688741722,
            "f1-score": 0.8646864686468647,
            "support": 151.0
        },
        "1": {
            "precision": 0.5,
            "recall": 0.3333333333333333,
            "f1-score": 0.4,
            "support": 12.0
        },
        "2": {
            "precision": 0.6666666666666666,
            "recall": 0.375,
            "f1-score": 0.48,
            "support": 16.0
        },
        "3": {
            "precision": 0.5555555555555556,
            "recall": 0.45454545454545453,
            "f1-score": 0.5,
            "support": 11.0
        },
        "4": {
            "precision": 1.0,
            "recall": 0.75,
            "f1-score": 0.8571428571428571,
            "support": 8.0
        },
        "5": {
            "precision": 0.6666666666666666,
            "recall": 0.7058823529411765,
            "f1-score": 0.6857142857142857,
            "support": 85.0
        },
        "6": {
            "precision": 0.5769230769230769,
            "recall": 0.9375,
            "f1-score": 0.7142857142857143,