{
    "super_class": {
        "0": {
            "precision": 0.9638783269961977,
            "recall": 0.9666348903717826,
            "f1-score": 0.9652546406473108,
            "support": 2098.0
        },
        "1": {
            "precision": 0.8162729658792651,
            "recall": 0.8036175710594315,
            "f1-score": 0.8098958333333334,
            "support": 387.0
        },
        "accuracy": 0.9412474849094568,
        "macro avg": {
            "precision": 0.8900756464377314,
            "recall": 0.8851262307156071,
            "f1-score": 0.887575236990322,
            "support": 2485.0
        },
        "weighted avg": {
            "precision": 0.9408910936954923,
            "recall": 0.9412474849094568,
            "f1-score": 0.9410599290052549,
            "support": 2485.0
        }
    },
    "malignancy": {
        "0": {
            "precision": 0.9752977503308337,
            "recall": 0.9892617449664429,
            "f1-score": 0.9822301199466904,
            "support": 2235.0
        },
        "1": {
            "precision": 0.6,
            "recall": 0.2727272727272727,
            "f1-score": 0.375,
            "support": 11.0
        },
        "2": {
            "precision": 0.8732394366197183,
            "recall": 0.7782426778242678,
            "f1-score": 0.8230088495575221,
            "support": 239.0
        },
        "accuracy": 0.96579476861167,
        "macro avg": {
            "precision": 0.8161790623168507,
            "recall": 0.6800772318393279,
            "f1-score": 0.7267463231680708,
            "support": 2485.0
        },
        "weighted avg": {
            "precision": 0.9638208037591652,
            "recall": 0.96579476861167,
            "f1-score": 0.9642287457243867,
            "support": 2485.0
        }
    },
    "main_class_1": {
        "0": {
            "precision": 0.6797488226059655,
            "recall": 0.5594315245478036,
            "f1-score": 0.6137491141034727,
            "support": 774.0
        },
        "1": {
            "precision": 0.763292061179898,
            "recall": 0.856909239574816,
            "f1-score": 0.8073959938366718,
            "support": 1223.0
        },
        "2": {
            "precision": 0.7557755775577558,
            "recall": 0.7923875432525952,
            "f1-score": 0.7736486486486487,
            "support": 289.0
        },
        "3": {
            "precision": 0.3333333333333333,
            "recall": 0.3157894736842105,
            "f1-score": 0.32432432432432434,
            "support": 19.0
        },
        "4": {
            "precision": 0.7619047619047619,
            "recall": 0.5853658536585366,
            "f1-score": 0.6620689655172414,
            "support": 82.0
        },
        "5": {
            "precision": 0.5806451612903226,
            "recall": 0.4864864864864865,
            "f1-score": 0.5294117647058824,
            "support": 37.0
        },
        "6": {
            "precision": 0.8666666666666667,
            "recall": 0.8524590163934426,
            "f1-score": 0.859504132231405,
            "support": 61.0
        },
        "accuracy": 0.7380281690140845,
        "macro avg": {
            "precision": 0.6773380549341006,
            "recall": 0.6355470196568416,
            "f1-score": 0.6528718490525209,
            "support": 2485.0
        },
        "weighted avg": {
            "precision": 0.7328816832507671,
            "recall": 0.7380281690140845,
            "f1-score": 0.7318073959487349,
            "support": 2485.0
        }
    },
    "main_class_2": {
        "0": {
            "precision": 0.375,
            "recall": 0.5,
            "f1-score": 0.42857142857142855,
            "support": 12.0
        },
        "1": {
            "precision": 1.0,
            "recall": 0.1875,
            "f1-score": 0.3157894736842105,
            "support": 16.0
        },
        "2": {
            "precision": 0.6363636363636364,
            "recall": 0.43874643874643876,
            "f1-score": 0.5193929173693086,
            "support": 351.0
        },
        "3": {
            "precision": 0.7165354330708661,
            "recall": 0.6319444444444444,
            "f1-score": 0.6715867158671587,
            "support": 144.0
        },
        "4": {
            "precision": 0.0,
            "recall": 0.0,
            "f1-score": 0.0,
            "support": 2.0
        },
        "5": {
            "precision": 0.8663036902601331,
            "recall": 0.9559412550066756,
            "f1-score": 0.9089178038717868,
            "support": 1498.0
        },
        "6": {
            "precision": 0.770764119601329,
            "recall": 0.8027681660899654,
            "f1-score": 0.7864406779661017,
            "support": 289.0
        },
        "7": {
            "precision": 0.3333333333333333,
            "recall": 0.16666666666666666,
            "f1-score": 0.2222222222222222,
            "support": 18.0
        },
        "8": {
            "precision": 0.0,
            "recall": 0.0,
            "f1-score": 0.0,
            "support": 5.0
        },
        "9": {
            "precision": 0.0,
            "recall": 0.0,
            "f1-score": 0.0,
            "support": 5.0
        },
        "10": {
            "precision": 0.39285714285714285,
            "recall": 0.3548387096774194,
            "f1-score": 0.3728813559322034,
            "support": 31.0
        },
        "11": {
            "precision": 0.0,
            "recall": 0.0,
            "f1-score": 0.0,
            "support": 4.0
        },
        "12": {
            "precision": 0.5862068965517241,
            "recall": 0.4594594594594595,
            "f1-score": 0.5151515151515151,
            "support": 37.0
        },
        "13": {
            "precision": 0.3157894736842105,
            "recall": 0.5,
            "f1-score": 0.3870967741935484,
            "support": 12.0
        },
        "14": {
            "precision": 0.8793103448275862,
            "recall": 0.8360655737704918,
            "f1-score": 0.8571428571428571,
            "support": 61.0
        },
        "accuracy": 0.8072434607645875,
        "macro avg": {
            "precision": 0.4581642713699975,
            "recall": 0.3889287142574374,
            "f1-score": 0.3990129161314894,
            "support": 2485.0
        },
        "weighted avg": {
            "precision": 0.790669669464782,
            "recall": 0.8072434607645875,
            "f1-score": 0.792596345917901,
            "support": 2485.0
        }
    },
    "sub_class": {
        "0": {
            "precision": 0.8154761904761905,
            "recall": 0.9072847682119205,
            "f1-score": 0.8589341692789969,
            "support": 151.0
        },
        "1": {
            "precision": 0.42857142857142855,
            "recall": 0.5,
            "f1-score": 0.46153846153846156,
            "support": 12.0
        },
        "2": {
            "precision": 0.4444444444444444,
            "recall": 0.25,
            "f1-score": 0.32,
            "support": 16.0
        },
        "3": {
            "precision": 1.0,
            "recall": 0.45454545454545453,
            "f1-score": 0.625,
            "support": 11.0
        },
        "4": {
            "precision": 0.7,
            "recall": 0.875,
            "f1-score": 0.7777777777777778,
            "support": 8.0
        },
        "5": {
            "precision": 0.576271186440678,
            "recall": 0.8,
            "f1-score": 0.6699507389162561,
            "support": 85.0
        },
        "6": {
            "precision": 0.6122448979591837,
            "recall": 0.9375,
            "f1-score": 0.7407407407407407,