{
    "super_class": {
        "0": {
            "precision": 0.9674952198852772,
            "recall": 0.9647283126787417,
            "f1-score": 0.966109785202864,
            "support": 2098.0
        },
        "1": {
            "precision": 0.811704834605598,
            "recall": 0.8242894056847545,
            "f1-score": 0.8179487179487179,
            "support": 387.0
        },
        "accuracy": 0.9428571428571428,
        "macro avg": {
            "precision": 0.8896000272454376,
            "recall": 0.894508859181748,
            "f1-score": 0.8920292515757909,
            "support": 2485.0
        },
        "weighted avg": {
            "precision": 0.9432332967049005,
            "recall": 0.9428571428571428,
            "f1-score": 0.9430360093367254,
            "support": 2485.0
        }
    },
    "malignancy": {
        "0": {
            "precision": 0.973859105006646,
            "recall": 0.9834451901565996,
            "f1-score": 0.9786286731967943,
            "support": 2235.0
        },
        "1": {
            "precision": 0.2,
            "recall": 0.09090909090909091,
            "f1-score": 0.125,
            "support": 11.0
        },
        "2": {
            "precision": 0.8340807174887892,
            "recall": 0.7782426778242678,
            "f1-score": 0.8051948051948052,
            "support": 239.0
        },
        "accuracy": 0.959758551307847,
        "macro avg": {
            "precision": 0.6693132741651451,
            "recall": 0.6175323196299861,
            "f1-score": 0.6362744927971998,
            "support": 2485.0
        },
        "weighted avg": {
            "precision": 0.9569900970501706,
            "recall": 0.959758551307847,
            "f1-score": 0.9581696752661544,
            "support": 2485.0
        }
    },
    "main_class_1": {
        "0": {
            "precision": 0.6238030095759234,
            "recall": 0.5891472868217055,
            "f1-score": 0.6059800664451828,
            "support": 774.0
        },
        "1": {
            "precision": 0.7600308641975309,
            "recall": 0.8053965658217498,
            "f1-score": 0.7820563715760223,
            "support": 1223.0
        },
        "2": {
            "precision": 0.7344262295081967,
            "recall": 0.7750865051903114,
            "f1-score": 0.7542087542087542,
            "support": 289.0
        },
        "3": {
            "precision": 0.35,
            "recall": 0.3684210526315789,
            "f1-score": 0.358974358974359,
            "support": 19.0
        },
        "4": {
            "precision": 0.7837837837837838,
            "recall": 0.35365853658536583,
            "f1-score": 0.48739495798319327,
            "support": 82.0
        },
        "5": {
            "precision": 0.5897435897435898,
            "recall": 0.6216216216216216,
            "f1-score": 0.6052631578947368,
            "support": 37.0
        },
        "6": {
            "precision": 0.8421052631578947,
            "recall": 0.7868852459016393,
            "f1-score": 0.8135593220338984,
            "support": 61.0
        },
        "accuracy": 0.7130784708249497,
        "macro avg": {
            "precision": 0.6691275342809886,
            "recall": 0.6143166877962817,
            "f1-score": 0.629633855588021,
            "support": 2485.0
        },
        "weighted avg": {
            "precision": 0.711750366517758,
            "recall": 0.7130784708249497,
            "f1-score": 0.709158389816372,
            "support": 2485.0
        }
    },
    "main_class_2": {
        "0": {
            "precision": 0.3333333333333333,
            "recall": 0.08333333333333333,
            "f1-score": 0.13333333333333333,
            "support": 12.0
        },
        "1": {
            "precision": 1.0,
            "recall": 0.0625,
            "f1-score": 0.11764705882352941,
            "support": 16.0
        },
        "2": {
            "precision": 0.61,
            "recall": 0.5213675213675214,
            "f1-score": 0.5622119815668203,
            "support": 351.0
        },
        "3": {
            "precision": 0.7083333333333334,
            "recall": 0.7083333333333334,
            "f1-score": 0.7083333333333334,
            "support": 144.0
        },
        "4": {
            "precision": 0.6666666666666666,
            "recall": 1.0,
            "f1-score": 0.8,
            "support": 2.0
        },
        "5": {
            "precision": 0.8786926461345066,
            "recall": 0.9332443257676902,
            "f1-score": 0.9051472968598252,
            "support": 1498.0
        },
        "6": {
            "precision": 0.7483221476510067,
            "recall": 0.7716262975778547,
            "f1-score": 0.7597955706984668,
            "support": 289.0
        },
        "7": {
            "precision": 0.3333333333333333,
            "recall": 0.2222222222222222,
            "f1-score": 0.26666666666666666,
            "support": 18.0
        },
        "8": {
            "precision": 0.0,
            "recall": 0.0,
            "f1-score": 0.0,
            "support": 5.0
        },
        "9": {
            "precision": 0.0,
            "recall": 0.0,
            "f1-score": 0.0,
            "support": 5.0
        },
        "10": {
            "precision": 0.5,
            "recall": 0.2903225806451613,
            "f1-score": 0.3673469387755102,
            "support": 31.0
        },
        "11": {
            "precision": 0.0,
            "recall": 0.0,
            "f1-score": 0.0,
            "support": 4.0
        },
        "12": {
            "precision": 0.6216216216216216,
            "recall": 0.6216216216216216,
            "f1-score": 0.6216216216216216,
            "support": 37.0
        },
        "13": {
            "precision": 0.2857142857142857,
            "recall": 0.3333333333333333,
            "f1-score": 0.3076923076923077,
            "support": 12.0
        },
        "14": {
            "precision": 0.8448275862068966,
            "recall": 0.8032786885245902,
            "f1-score": 0.8235294117647058,
            "support": 61.0
        },
        "accuracy": 0.8044265593561368,
        "macro avg": {
            "precision": 0.5020563302663323,
            "recall": 0.4234122171817774,
            "f1-score": 0.42488836807574143,
            "support": 2485.0
        },
        "weighted avg": {
            "precision": 0.7925364475256165,
            "recall": 0.8044265593561368,
            "f1-score": 0.793974119119115,
            "support": 2485.0
        }
    },
    "sub_class": {
        "0": {
            "precision": 0.8827586206896552,
            "recall": 0.847682119205298,
            "f1-score": 0.8648648648648649,
            "support": 151.0
        },
        "1": {
            "precision": 1.0,
            "recall": 0.08333333333333333,
            "f1-score": 0.15384615384615385,
            "support": 12.0
        },
        "2": {
            "precision": 1.0,
            "recall": 0.125,
            "f1-score": 0.2222222222222222,
            "support": 16.0
        },
        "3": {
            "precision": 0.25,
            "recall": 0.18181818181818182,
            "f1-score": 0.21052631578947367,
            "support": 11.0
        },
        "4": {
            "precision": 0.5,
            "recall": 0.875,
            "f1-score": 0.6363636363636364,
            "support": 8.0
        },
        "5": {
            "precision": 0.6382978723404256,
            "recall": 0.7058823529411765,
            "f1-score": 0.6703910614525139,
            "support": 85.0
        },
        "6": {
            "precision": 0.6388888888888888,
            "recall": 0.71875,