{
    "super_class": {
        "0": {
            "precision": 0.974621766715471,
            "recall": 0.9518589132507149,
            "f1-score": 0.9631058596575838,
            "support": 2098.0
        },
        "1": {
            "precision": 0.768348623853211,
            "recall": 0.8656330749354005,
            "f1-score": 0.8140947752126367,
            "support": 387.0
        },
        "accuracy": 0.938430583501006,
        "macro avg": {
            "precision": 0.871485195284341,
            "recall": 0.9087459940930578,
            "f1-score": 0.8886003174351103,
            "support": 2485.0
        },
        "weighted avg": {
            "precision": 0.9424979412475859,
            "recall": 0.938430583501006,
            "f1-score": 0.9398997068687731,
            "support": 2485.0
        }
    },
    "malignancy": {
        "0": {
            "precision": 0.9782415630550622,
            "recall": 0.9856823266219239,
            "f1-score": 0.9819478493425451,
            "support": 2235.0
        },
        "1": {
            "precision": 0.6,
            "recall": 0.2727272727272727,
            "f1-score": 0.375,
            "support": 11.0
        },
        "2": {
            "precision": 0.8508771929824561,
            "recall": 0.8117154811715481,
            "f1-score": 0.8308351177730193,
            "support": 239.0
        },
        "accuracy": 0.96579476861167,
        "macro avg": {
            "precision": 0.8097062520125061,
            "recall": 0.6900416935069149,
            "f1-score": 0.7292609890385214,
            "support": 2485.0
        },
        "weighted avg": {
            "precision": 0.9643177233605112,
            "recall": 0.96579476861167,
            "f1-score": 0.9647275800516459,
            "support": 2485.0
        }
    },
    "main_class_1": {
        "0": {
            "precision": 0.6661392405063291,
            "recall": 0.5439276485788114,
            "f1-score": 0.5988620199146515,
            "support": 774.0
        },
        "1": {
            "precision": 0.7633531157270029,
            "recall": 0.8413736713000818,
            "f1-score": 0.8004667444574096,
            "support": 1223.0
        },
        "2": {
            "precision": 0.725609756097561,
            "recall": 0.8235294117647058,
            "f1-score": 0.7714748784440842,
            "support": 289.0
        },
        "3": {
            "precision": 0.6428571428571429,
            "recall": 0.47368421052631576,
            "f1-score": 0.5454545454545454,
            "support": 19.0
        },
        "4": {
            "precision": 0.7924528301886793,
            "recall": 0.5121951219512195,
            "f1-score": 0.6222222222222222,
            "support": 82.0
        },
        "5": {
            "precision": 0.5333333333333333,
            "recall": 0.6486486486486487,
            "f1-score": 0.5853658536585366,
            "support": 37.0
        },
        "6": {
            "precision": 0.8,
            "recall": 0.8524590163934426,
            "f1-score": 0.8253968253968254,
            "support": 61.0
        },
        "accuracy": 0.7303822937625755,
        "macro avg": {
            "precision": 0.7033922026728641,
            "recall": 0.6708311041661751,
            "f1-score": 0.6784632985068965,
            "support": 2485.0
        },
        "weighted avg": {
            "precision": 0.7261982307128005,
            "recall": 0.7303822937625755,
            "f1-score": 0.7238792246583997,
            "support": 2485.0
        }
    },
    "main_class_2": {
        "0": {
            "precision": 0.6,
            "recall": 0.25,
            "f1-score": 0.35294117647058826,
            "support": 12.0
        },
        "1": {
            "precision": 1.0,
            "recall": 0.25,
            "f1-score": 0.4,
            "support": 16.0
        },
        "2": {
            "precision": 0.603988603988604,
            "recall": 0.603988603988604,
            "f1-score": 0.603988603988604,
            "support": 351.0
        },
        "3": {
            "precision": 0.8018018018018018,
            "recall": 0.6180555555555556,
            "f1-score": 0.6980392156862745,
            "support": 144.0
        },
        "4": {
            "precision": 0.6666666666666666,
            "recall": 1.0,
            "f1-score": 0.8,
            "support": 2.0
        },
        "5": {
            "precision": 0.9043876882776686,
            "recall": 0.9218958611481975,
            "f1-score": 0.9130578512396694,
            "support": 1498.0
        },
        "6": {
            "precision": 0.7453416149068323,
            "recall": 0.8304498269896193,
            "f1-score": 0.7855973813420621,
            "support": 289.0
        },
        "7": {
            "precision": 0.3333333333333333,
            "recall": 0.16666666666666666,
            "f1-score": 0.2222222222222222,
            "support": 18.0
        },
        "8": {
            "precision": 0.0,
            "recall": 0.0,
            "f1-score": 0.0,
            "support": 5.0
        },
        "9": {
            "precision": 0.0,
            "recall": 0.0,
            "f1-score": 0.0,
            "support": 5.0
        },
        "10": {
            "precision": 0.3870967741935484,
            "recall": 0.3870967741935484,
            "f1-score": 0.3870967741935484,
            "support": 31.0
        },
        "11": {
            "precision": 0.0,
            "recall": 0.0,
            "f1-score": 0.0,
            "support": 4.0
        },
        "12": {
            "precision": 0.5106382978723404,
            "recall": 0.6486486486486487,
            "f1-score": 0.5714285714285714,
            "support": 37.0
        },
        "13": {
            "precision": 0.4444444444444444,
            "recall": 0.3333333333333333,
            "f1-score": 0.38095238095238093,
            "support": 12.0
        },
        "14": {
            "precision": 0.8181818181818182,
            "recall": 0.8852459016393442,
            "f1-score": 0.8503937007874016,
            "support": 61.0
        },
        "accuracy": 0.8160965794768612,
        "macro avg": {
            "precision": 0.5210587362444705,
            "recall": 0.45969207814423446,
            "f1-score": 0.4643811918874215,
            "support": 2485.0
        },
        "weighted avg": {
            "precision": 0.810585640967612,
            "recall": 0.8160965794768612,
            "f1-score": 0.810116517908921,
            "support": 2485.0
        }
    },
    "sub_class": {
        "0": {
            "precision": 0.8633540372670807,
            "recall": 0.9205298013245033,
            "f1-score": 0.8910256410256411,
            "support": 151.0
        },
        "1": {
            "precision": 0.8,
            "recall": 0.3333333333333333,
            "f1-score": 0.47058823529411764,
            "support": 12.0
        },
        "2": {
            "precision": 0.8,
            "recall": 0.25,
            "f1-score": 0.38095238095238093,
            "support": 16.0
        },
        "3": {
            "precision": 0.6,
            "recall": 0.5454545454545454,
            "f1-score": 0.5714285714285714,
            "support": 11.0
        },
        "4": {
            "precision": 0.5,
            "recall": 0.75,
            "f1-score": 0.6,
            "support": 8.0
        },
        "5": {
            "precision": 0.686046511627907,
            "recall": 0.6941176470588235,
            "f1-score": 0.6900584795321637,
            "support": 85.0
        },
        "6": {
            "precision": 0.7142857142857143,
            "recall": 0.9375,
            "f1-score": 0.8108108108108109,